<?xml version="1.0" encoding="UTF-8"?>
    <addon id="repository.Pans" name="PansBox Repo" version="0.1.0" provider-name="JayBox">
        <requires>
            <import addon="xbmc.addon" version="12.0.0"/>
        </requires>
        <extension point="xbmc.addon.repository" name="PansBox Repo">
            <info compressed="false">http://raw.github.com/GenieTv/pans/master/_repo/addons.xml</info>
            <checksum>http://raw.github.com/GenieTv/pans/master/_repo/addons.xml.md5</checksum>
            <datadir zip="true">http://raw.github.com/GenieTv/pans/master/_repo/</datadir>
            <hashes>false</hashes>
        </extension>
        <extension point="xbmc.addon.metadata">
            <summary>Content From Pandoras Box</summary>
            <description>The home of Pandoras Box</description>
            <platform>all</platform>
    </extension>
</addon>